Sequence,Accession_number,ID1,ID2,Day,Month,Year,Lower_day,Lower_month,Lower_year,Upper_day,Upper_month,Upper_year,Sex,Location,Age,Risk_group,Subtype,ARV_naive
345,HM002497,25,,NA,NA,2009,1,1,2009,31,12,2009,NA,Dakar,Child,Children,02_AG,N
237,HE588166,1083,,NA,NA,1996,1,1,1996,31,12,1996,NA,Senegal,18+,GP,C,NA
233,HE588162,1119,,NA,NA,1997,1,1,1997,31,12,1997,NA,Senegal,18+,GP,C,NA
232,HE588161,1186,,NA,NA,1997,1,1,1997,31,12,1997,NA,Senegal,18+,GP,C,NA
231,HE588160,1189,,NA,NA,1997,1,1,1997,31,12,1997,NA,Senegal,18+,GP,C,NA
123,FN599796,102015,,30,6,2005,NA,NA,NA,NA,NA,NA,NA,Dakar,NA,NA,02_AG,Y
4,AJ286984,08HPD,,4,9,1998,NA,NA,NA,NA,NA,NA,F,Dakar,24,GP,02_AG,Y
108,FN599779,1011HALD,,26,8,2003,NA,NA,NA,NA,NA,NA,F,Dakar,47,GP,02_AG,Y
129,AJ583709,101HALD,,26,2,1999,NA,NA,NA,NA,NA,NA,M,Dakar,17,GP,B,Y
23,AJ287003,1027SC,,28,7,1998,NA,NA,NA,NA,NA,NA,F,Dakar,31,GP,02_AG,Y
230,HE588159,102HALD,,NA,NA,2000,1,1,2000,31,12,2000,F,Dakar,37,GP,C,N
30,FN599679,105HALD,,3,3,1999,NA,NA,NA,NA,NA,NA,M,Dakar,29,GP,02_AG,Y
31,FN599680,1099SC,,13,7,2001,NA,NA,NA,NA,NA,NA,F,Dakar,31,GP,02_AG,Y
109,FN599780,1119HALD,,20,1,2004,NA,NA,NA,NA,NA,NA,F,Dakar,45,GP,02_AG,Y
110,FN599781,1159HALD,,23,1,2004,NA,NA,NA,NA,NA,NA,M,Dakar,NA,GP,B,Y
399,JN673583,1229HALD,,6,5,2010,NA,NA,NA,NA,NA,NA,F,Dakar,20+,GP,C,N
32,FN599682,123HALD,,16,4,1999,NA,NA,NA,NA,NA,NA,F,Dakar,38,GP,02_AG,Y
404,JN673603,1254HALD,,25,3,2009,NA,NA,NA,NA,NA,NA,F,Dakar,54,GP,02_AG,N
33,FN599683,125HALD,,5,5,1999,NA,NA,NA,NA,NA,NA,M,Dakar,42,GP,02_AG,Y
132,AJ583712,125HPD,,3,2,1999,NA,NA,NA,NA,NA,NA,M,Dakar,42,GP,02_AG,Y
34,FN599684,1264SC,,6,11,1998,NA,NA,NA,NA,NA,NA,M,Dakar,42,GP,02_AG,Y
35,FN599686,133HALD,,9,2,1999,NA,NA,NA,NA,NA,NA,M,Dakar,33,GP,02_AG,Y
569,KU685100,1424HALD,5518-HOCA J0,19,5,2011,NA,NA,NA,NA,NA,NA,M,Senegal,59,NA,02_AG,N
36,FN599687,142HPD,,21,4,1999,NA,NA,NA,NA,NA,NA,F,Dakar,43,GP,C,Y
236,HE588165,14FANN,,19,8,1997,NA,NA,NA,NA,NA,NA,M,Dakar,18+,GP,C,NA
5,AJ286985,14HALD,,21,7,1998,NA,NA,NA,NA,NA,NA,F,Dakar,NA,GP,02_AG,Y
228,HE588157,154HALD,,NA,NA,2003,1,1,2003,31,12,2003,F,Dakar,18+,GP,C,N
111,FN599782,1586HALD,,22,2,2005,NA,NA,NA,NA,NA,NA,F,Dakar,46,GP,02_AG,Y
135,AJ583716,159HALD,,14,10,1999,NA,NA,NA,NA,NA,NA,M,Dakar,45,GP,C,Y
37,FN599688,159HPD,,14,10,1999,NA,NA,NA,NA,NA,NA,M,Dakar,45,GP,C,Y
112,FN599783,1669HALD,,7,4,2005,NA,NA,NA,NA,NA,NA,F,Dakar,20,GP,02_AG,Y
38,FN599690,167HPD,,23,11,1999,NA,NA,NA,NA,NA,NA,F,Dakar,33,GP,02_AG,Y
113,FN599784,1699HALD,,2,5,2005,NA,NA,NA,NA,NA,NA,F,Dakar,NA,GP,02_AG,Y
2,AJ286136,16HALD,,28,7,1998,NA,NA,NA,NA,NA,NA,F,Dakar,37,GP,02_AG,Y
114,FN599786,1718HALD,,11,5,2005,NA,NA,NA,NA,NA,NA,M,Dakar,38,GP,02_AG,Y
115,FN599787,1719HALD,,11,5,2005,NA,NA,NA,NA,NA,NA,M,Dakar,41,GP,02_AG,Y
116,FN599789,1722HALD,,11,5,2005,NA,NA,NA,NA,NA,NA,F,Dakar,36,GP,02_AG,Y
117,FN599790,1724HALD,,11,5,2005,NA,NA,NA,NA,NA,NA,F,Dakar,23,GP,02_AG,Y
118,FN599791,1727HALD,,11,5,2005,NA,NA,NA,NA,NA,NA,F,Dakar,22,GP,02_AG,Y
119,FN599792,1732HALD,,12,5,2005,NA,NA,NA,NA,NA,NA,F,Dakar,24,GP,02_AG,Y
120,FN599793,1737HALD,,13,5,2005,NA,NA,NA,NA,NA,NA,F,Dakar,32,GP,02_AG,Y
121,FN599794,1759HALD,,30,5,2005,NA,NA,NA,NA,NA,NA,M,Dakar,44,GP,02_AG,Y
561,KU685083,1783HALD,5039-VEKU J0,26,4,2011,NA,NA,NA,NA,NA,NA,F,Senegal,37,NA,02_AG,N
25,AJ287007,17HALD,,28,7,1998,NA,NA,NA,NA,NA,NA,M,Dakar,26,GP,B,Y
122,FN599795,1816HALD,,7,7,2005,NA,NA,NA,NA,NA,NA,M,Dakar,NA,GP,02_AG,Y
344,HM002496,1835HALD,,17,4,2009,NA,NA,NA,NA,NA,NA,NA,Dakar,Child,Children,02_AG,N
428,JX187611,1837HALD,,30,1,2008,NA,NA,NA,NA,NA,NA,M,Dakar,45,GP,02_AG,N
39,FN599691,185HALD,,3,3,2000,NA,NA,NA,NA,NA,NA,F,Dakar,41,GP,B,Y
124,FN599797,1889HALD,,29,6,2005,NA,NA,NA,NA,NA,NA,M,Dakar,3,GP,02_AG,Y
125,FN599799,1895HALD,,29,6,2005,NA,NA,NA,NA,NA,NA,F,Dakar,44,GP,02_AG,Y
126,FN599800,1896HALD,,29,6,2005,NA,NA,NA,NA,NA,NA,F,Dakar,24,GP,02_AG,Y
6,AJ286986,18HALD,,23,7,1998,NA,NA,NA,NA,NA,NA,F,Dakar,27,GP,02_AG,Y
429,JX187612,1904HALD,,13,12,2010,NA,NA,NA,NA,NA,NA,F,Dakar,20+,NA,02_AG,N
407,JN673606,1916HALD,,31,1,2008,NA,NA,NA,NA,NA,NA,F,Dakar,46,GP,02_AG,N
40,FN599692,191HPD,,22,5,2000,NA,NA,NA,NA,NA,NA,F,Dakar,40,GP,02_AG,Y
408,JN673607,1953HALD,,19,2,2009,NA,NA,NA,NA,NA,NA,F,Dakar,35,GP,02_AG,N
148,AJ583732,201HALD,01SN_201HALD_9_1_01,9,1,2001,NA,NA,NA,NA,NA,NA,F,Dakar,18+,GP,02_AG,N
565,KU685091,2046HALD,5503-FUPA J0,27,4,2010,NA,NA,NA,NA,NA,NA,F,Senegal,32,NA,02_AG,N
41,FN599693,208HPD,,6,11,2000,NA,NA,NA,NA,NA,NA,M,Dakar,35,GP,02_AG,Y
430,JX187613,2090HALD,,8,3,2011,NA,NA,NA,NA,NA,NA,F,Dakar,39,GP,C,N
153,AJ583743,20HALD,99SN_20HALD_17_2_99,17,2,1999,NA,NA,NA,NA,NA,NA,M,Dakar,45,GP,B,N
42,FN599694,210HPD,,9,11,2000,NA,NA,NA,NA,NA,NA,M,Dakar,58,GP,02_AG,Y
43,FN599695,214HPD,,17,11,2000,NA,NA,NA,NA,NA,NA,M,Dakar,43,GP,02_AG,Y
431,JX187615,2187HALD,,23,5,2011,NA,NA,NA,NA,NA,NA,M,Dakar,48,GP,02_AG,N
154,AJ583744,21HALD,00SN_21HALD_5_4_00,5,4,2000,NA,NA,NA,NA,NA,NA,F,Dakar,18+,GP,B,N
560,KU685082,2229HALD,5038-DUKI J0,6,4,2011,NA,NA,NA,NA,NA,NA,F,Dakar,18+,NA,02_AG,N
549,KU685061,2232HALD,5007-REVI J0,22,4,2010,NA,NA,NA,NA,NA,NA,F,Senegal,31,NA,02_AG,N
556,KU685074,2274HALD,5029-NAXY J0,23,11,2010,NA,NA,NA,NA,NA,NA,M,Senegal,46,NA,02_AG,N
44,FN599696,229HALD,,22,12,2000,NA,NA,NA,NA,NA,NA,F,Dakar,26,GP,02_AG,Y
26,AJ287008,22HALD,,30,7,1998,NA,NA,NA,NA,NA,NA,F,Dakar,9,GP,B,Y
409,JN673608,2323HALD,,27,1,2009,NA,NA,NA,NA,NA,NA,F,Dakar,20+,GP,02_AG,N
577,LM654291,2340HALD,,10,5,2013,NA,NA,NA,NA,NA,NA,F,Dakar,48,GP,02_AG,N
410,JN673609,2423HALD,,16,7,2009,NA,NA,NA,NA,NA,NA,F,Dakar,38,GP,02_AG,N
45,FN599697,249HALD,,9,2,2001,NA,NA,NA,NA,NA,NA,F,Dakar,32,GP,02_AG,Y
402,JN673597,2506HALD,,28,3,2008,NA,NA,NA,NA,NA,NA,F,Dakar,30,GP,02_AG,N
547,KU685059,2511HALD,5005-ZIIL J0,9,3,2010,NA,NA,NA,NA,NA,NA,F,Senegal,18+,NA,02_AG,N
427,JQ855855,2541HALD,,7,5,2008,NA,NA,NA,NA,NA,NA,F,Dakar,35,GP,02_AG,N
46,FN599698,255HALD,,20,2,2001,NA,NA,NA,NA,NA,NA,F,Dakar,29,GP,02_AG,Y
400,JN673584,2579HALD,,8,7,2008,NA,NA,NA,NA,NA,NA,M,Dakar,20,GP,C,N
47,FN599699,258HALD,,27,2,2001,NA,NA,NA,NA,NA,NA,F,Dakar,30,GP,02_AG,Y
411,JN673610,2590HALD,,2,12,2008,NA,NA,NA,NA,NA,NA,F,Dakar,20+,GP,02_AG,N
235,HE588164,25FANN,,28,7,1997,NA,NA,NA,NA,NA,NA,M,Dakar,18+,GP,C,NA
229,HE588158,260HALD,,NA,NA,2002,1,1,2002,31,12,2002,M,Dakar,8,GP,C,NA
578,LM654293,2613HALD,,3,10,2013,NA,NA,NA,NA,NA,NA,M,Dakar,54,GP,02_AG,N
221,HE588150,2658HALD,,13,7,2007,NA,NA,NA,NA,NA,NA,F,dakar,21,GP,C,Y
412,JN673611,2667HALD,,22,1,2009,NA,NA,NA,NA,NA,NA,F,Dakar,56,GP,02_AG,N
297,HG315039,2689HALD,,9,8,2008,NA,NA,NA,NA,NA,NA,F,Dakar,20,GP,02_AG,N
580,LM654297,2698HALD,,4,9,2013,NA,NA,NA,NA,NA,NA,M,Dakar,47,GP,02_AG,N
7,AJ286987,26HALD,,22,1,1998,NA,NA,NA,NA,NA,NA,M,Dakar,47,GP,02_AG,Y
48,FN599701,273HALD,,28,3,2001,NA,NA,NA,NA,NA,NA,F,Dakar,42,GP,02_AG,Y
413,JN673612,2750HALD,,6,1,2009,NA,NA,NA,NA,NA,NA,M,Dakar,45,GP,02_AG,N
546,KU685056,2789HALD,5001-WEGA J0,11,3,2010,NA,NA,NA,NA,NA,NA,F,Senegal,50,NA,02_AG,N
149,AJ583733,27hald,99SN_27hald_10_8_99,10,8,1999,NA,NA,NA,NA,NA,NA,M,Dakar,46,GP,02_AG,Y
222,HE588151,2909HALD,,7,6,2007,NA,NA,NA,NA,NA,NA,M,Dakar,21,GP,C,Y
223,HE588152,2911HALD,,7,6,2007,NA,NA,NA,NA,NA,NA,M,Dakar,35,GP,C,Y
224,HE588153,2936HALD,,10,12,2007,NA,NA,NA,NA,NA,NA,M,Dakar,33,GP,C,Y
8,AJ286988,29HALD,,6,8,1998,NA,NA,NA,NA,NA,NA,F,Dakar,51,GP,02_AG,Y
558,KU685078,3014HALD,5033-CEZY J0,7,3,2011,NA,NA,NA,NA,NA,NA,F,Senegal,50,NA,02_AG,N
414,JN673613,3055HALD,,19,2,2009,NA,NA,NA,NA,NA,NA,M,Dakar,43,GP,02_AG,N
225,HE588154,3076HALD,,NA,NA,2007,1,1,2007,31,12,2007,M,Dakar,25,GP,C,Y
553,KU685068,3081HALD,5018-COHO J0,5,8,2010,NA,NA,NA,NA,NA,NA,F,Senegal,38,NA,02_AG,N
415,JN673614,3105HALD,,8,6,2009,NA,NA,NA,NA,NA,NA,F,Dakar,26,GP,02_AG,N
433,JX187617,3181HALD,,24,3,2010,NA,NA,NA,NA,NA,NA,M,Dakar,43,GP,02_AG,N
227,HE588156,321 HALD,,NA,NA,2003,1,1,2003,31,12,2003,M,Dakar,28,GP,C,N
416,JN673615,3210HALD,,9,3,2009,NA,NA,NA,NA,NA,NA,F,Dakar,20+,GP,02_AG,N
403,JN673598,323HALD,,6,11,2008,NA,NA,NA,NA,NA,NA,F,Dakar,20+,GP,02_AG,N
49,FN599704,324HALD,,17,7,2001,NA,NA,NA,NA,NA,NA,F,Dakar,31,GP,02_AG,Y
9,AJ286989,32HALD,,10,8,1998,NA,NA,NA,NA,NA,NA,M,Dakar,33,GP,02_AG,Y
418,JN673617,3307HALD,,20,1,2009,NA,NA,NA,NA,NA,NA,F,Dakar,20+,GP,02_AG,N
554,KU685069,3349HALD,5021-NAFO J0,9,8,2010,NA,NA,NA,NA,NA,NA,F,Senegal,46,NA,02_AG,N
435,JX187619,3355HALD,,10,1,2011,NA,NA,NA,NA,NA,NA,F,Dakar,20+,NA,02_AG,N
551,KU685064,3360HALD,5011-VUQE J0,29,4,2010,NA,NA,NA,NA,NA,NA,M,Senegal,36,NA,02_AG,N
417,JN673616,33HALD,,3,2,2009,NA,NA,NA,NA,NA,NA,F,Dakar,44,GP,02_AG,N
155,AJ583745,34HALD,01SN_34HALD_25_01_01,25,1,2001,NA,NA,NA,NA,NA,NA,F,Dakar,29,GP,02_AG,Y
419,JN673618,3501HALD,,7,5,2010,NA,NA,NA,NA,NA,NA,F,Dakar,39,NA,02_AG,N
318,HG315088,3505HALD,,21,10,2008,NA,NA,NA,NA,NA,NA,M,Dakar,8,GP,02_AG,N
302,HG315044,3599HALD,,17,11,2008,NA,NA,NA,NA,NA,NA,M,TOUBA,38,GP,02_AG,N
570,KU685101,3619HALD,5519-WUXU J0,19,5,2011,NA,NA,NA,NA,NA,NA,NA,Senegal,18+,NA,02_AG,N
325,HG315095,3751HALD,,NA,NA,2008,1,1,2008,31,12,2008,F,Dakar,34,GP,B,N
321,HG315091,3782HALD,,NA,NA,2008,1,1,2008,31,12,2008,F,Dakar,28,GP,02_AG,N
292,HG315034,3783HALD,,27,1,2008,NA,NA,NA,NA,NA,NA,M,Dakar,53,GP,02_AG,N
316,HG315086,3786hald,,29,1,2008,NA,NA,NA,NA,NA,NA,M,dakar,18+,GP,02_AG,N
320,HG315090,3789hald,,NA,NA,2008,1,1,2008,31,12,2008,F,Dakar,11,GP,02_AG,N
303,HG315045,3794HALD,,20,1,2008,NA,NA,NA,NA,NA,NA,F,dakar,40,GP,02_AG,N
10,AJ286990,37HALD,,28,8,1998,NA,NA,NA,NA,NA,NA,M,Dakar,42,GP,02_AG,Y
335,HG424402,3848HALD,,17,8,2010,NA,NA,NA,NA,NA,NA,F,Dakar,46,GP,02_AG,N
24,AJ287005,39HALD,,31,8,1998,NA,NA,NA,NA,NA,NA,M,Dakar,30,GP,C,Y
337,HG424412,4011HALD,,3,6,2010,NA,NA,NA,NA,NA,NA,F,Dakar,18+,GP,02_AG,N
311,HG315055,4027HALD,,5,3,2008,NA,NA,NA,NA,NA,NA,F,dakar,37,GP,02_AG,N
581,LM654300,4039HALD,,5,6,2013,NA,NA,NA,NA,NA,NA,F,Dakar,39,GP,02_AG,N
319,HG315089,4137HALD,,NA,NA,2008,1,1,2008,31,12,2008,F,Dakar,21,GP,02_AG,N
80,FN599743,416HALD,,28,11,2001,NA,NA,NA,NA,NA,NA,F,Dakar,47,GP,02_AG,Y
420,JN673621,418HALD,,18,6,2009,NA,NA,NA,NA,NA,NA,F,Dakar,28,GP,02_AG,N
11,AJ286991,41HPD,,17,11,1998,NA,NA,NA,NA,NA,NA,F,Dakar,41,GP,02_AG,Y
309,HG315053,4216HALD,,12,3,2008,NA,NA,NA,NA,NA,NA,NA,Saint Louis,18+,GP,02_AG,N
156,AJ583746,42HPD,00SN_42HPD_23_3_00,23,3,2000,NA,NA,NA,NA,NA,NA,M,Dakar,30,GP,02_AG,Y
315,HG315080,4358HALD,,12,5,2008,NA,NA,NA,NA,NA,NA,F,dakar,31,GP,02_AG,N
326,HG315098,4410HALD,,NA,NA,2008,1,1,2008,31,12,2008,F,Dakar,7,GP,02_AG,N
421,JN673628,4482HALD,,24,6,2009,NA,NA,NA,NA,NA,NA,M,Dakar,29,GP,02_AG,N
79,FN599742,449HALD,,29,1,2002,NA,NA,NA,NA,NA,NA,M,Dakar,31,GP,02_AG,Y
397,JN673576,4532HALD,,10,7,2009,NA,NA,NA,NA,NA,NA,M,Dakar,43,GP,B,N
12,AJ286992,45HALD,,17,9,1998,NA,NA,NA,NA,NA,NA,M,Dakar,43,GP,02_AG,Y
226,HE588155,463 HALD,,NA,NA,2006,1,1,2006,31,12,2006,M,Dakar,30,GP,C,N
330,HG424396,4666HALD,,NA,NA,2010,1,1,2010,31,12,2010,F,Dakar,18+,GP,02_AG,N
317,HG315087,4671 HALD,,13,8,2008,NA,NA,NA,NA,NA,NA,M,Dakar,51,GP,02_AG,N
138,AJ583719,46HALD,98SN_46HALD_17_9_98,17,9,1998,NA,NA,NA,NA,NA,NA,F,Dakar,51,GP,02_AG,Y
422,JN673637,471HALD,,28,8,2009,NA,NA,NA,NA,NA,NA,F,Dakar,37,GP,02_AG,N
334,HG424401,4748HALD,,25,3,2010,NA,NA,NA,NA,NA,NA,M,Dakar,18+,GP,02_AG,N
76,FN599739,475HALD,,6,2,2002,NA,NA,NA,NA,NA,NA,M,Dakar,49,GP,02_AG,Y
234,HE588163,478HALD,,NA,NA,2002,1,1,2002,31,12,2002,F,Dakar,40,GP,C,Y
13,AJ286993,47HALD,,17,9,1998,NA,NA,NA,NA,NA,NA,M,Dakar,39,GP,02_AG,Y
341,HG424416,4834HALD,,4,11,2010,NA,NA,NA,NA,NA,NA,F,Dakar,21,GP,02_AG,N
298,HG315040,4854HALD,,28,9,2008,NA,NA,NA,NA,NA,NA,F,DIOUM,40,GP,02_AG,N
310,HG315054,4858HALD,,5,10,2008,NA,NA,NA,NA,NA,NA,F,DIOUM,44,GP,02_AG,N
75,FN599738,488HALD,,18,2,2002,NA,NA,NA,NA,NA,NA,M,Dakar,44,GP,02_AG,Y
312,HG315056,4890HALD,,30,9,2008,NA,NA,NA,NA,NA,NA,F,Saint Louis,58,GP,02_AG,N
423,JN673647,495HALD,,8,3,2010,NA,NA,NA,NA,NA,NA,F,Dakar,45,NA,02_AG,N
563,KU685087,4971HALD,5046-FEDE J0,28,3,2012,NA,NA,NA,NA,NA,NA,M,Senegal,46,NA,C,N
14,AJ286994,49HALD,,24,9,1998,NA,NA,NA,NA,NA,NA,M,Dakar,43,GP,02_AG,Y
559,KU685079,5034HELE J0,,28,3,2011,NA,NA,NA,NA,NA,NA,F,Senegal,18+,NA,02_AG,N
564,KU685088,5047JOVO J0,,29,3,2012,NA,NA,NA,NA,NA,NA,F,Senegal,28,NA,02_AG,N
15,AJ286995,50HALD,,1,10,1998,NA,NA,NA,NA,NA,NA,M,Dakar,56,GP,02_AG,Y
74,FN599737,510HALD,,5,4,2002,NA,NA,NA,NA,NA,NA,F,Dakar,24,GP,C,Y
300,HG315042,5110HALD,,23,10,2008,NA,NA,NA,NA,NA,NA,M,Saint Louis,43,GP,02_AG,N
73,FN599736,537HALD,,25,4,2002,NA,NA,NA,NA,NA,NA,F,Dakar,38,GP,02_AG,Y
158,AJ583748,53HPD,00SN_53HPD_14_3_00,14,3,2000,NA,NA,NA,NA,NA,NA,F,Dakar,43,GP,02_AG,N
16,AJ286996,54HALD,,9,10,1998,NA,NA,NA,NA,NA,NA,M,Dakar,48,GP,02_AG,Y
557,KU685077,5518HALD,5032-LEHY J0,2,3,2011,NA,NA,NA,NA,NA,NA,F,Senegal,31,NA,02_AG,N
573,KU685107,5526CUJI J0,,19,12,2011,NA,NA,NA,NA,NA,NA,NA,Senegal,18+,NA,02_AG,N
574,KU685108,5527RAQA J0,,13,2,2012,NA,NA,NA,NA,NA,NA,NA,Senegal,18+,NA,02_AG,N
550,KU685063,5539HALD,5009-GYCY J0,22,4,2010,NA,NA,NA,NA,NA,NA,F,Senegal,51,NA,02_AG,N
331,HG424398,5558HALD,,4,3,2010,NA,NA,NA,NA,NA,NA,F,Dakar,18,GP,02_AG,N
17,AJ286997,56HALD,,15,10,1998,NA,NA,NA,NA,NA,NA,M,Dakar,60,GP,02_AG,Y
338,HG424413,5702HALD,,23,3,2010,NA,NA,NA,NA,NA,NA,M,Dakar,18+,GP,02_AG,N
339,HG424414,5703HALD,,25,3,2010,NA,NA,NA,NA,NA,NA,F,Dakar,18+,GP,02_AG,N
343,HG424419,5745HALD,,25,3,2010,NA,NA,NA,NA,NA,NA,F,Dakar,18+,GP,02_AG,N
567,KU685094,5757HALD,5509-QUGY J0,14,9,2010,NA,NA,NA,NA,NA,NA,F,Senegal,33,NA,02_AG,N
340,HG424415,5792HALD,,15,4,2010,NA,NA,NA,NA,NA,NA,F,Dakar,18+,GP,02_AG,N
18,AJ286998,57HALD,,21,10,1998,NA,NA,NA,NA,NA,NA,M,Dakar,57,GP,02_AG,Y
329,HG424394,5828HALD,,31,3,2010,NA,NA,NA,NA,NA,NA,F,TOUBA,52,GP,02_AG,N
568,KU685096,5865HALD, 5511-JANA J0,1,2,2011,NA,NA,NA,NA,NA,NA,F,Senegal,31,NA,02_AG,N
19,AJ286999,59HALD,,27,10,1998,NA,NA,NA,NA,NA,NA,F,Dakar,28,GP,02_AG,Y
552,KU685065,6013HALD,5012-GABU J0,27,4,2010,NA,NA,NA,NA,NA,NA,M,Senegal,47,NA,02_AG,N
566,KU685093,6044HALD,5508-MASU J0,17,8,2010,NA,NA,NA,NA,NA,NA,F,Senegal,30,NA,B,N
548,KU685060,6046HALD,5006-TIJA J0,9,3,2010,NA,NA,NA,NA,NA,NA,F,Dakar,18+,NA,02_AG,N
20,AJ287000,62HALD,,6,1,1998,NA,NA,NA,NA,NA,NA,M,Dakar,48,GP,02_AG,Y
21,AJ287001,62HPD,,22,7,1998,NA,NA,NA,NA,NA,NA,F,Dakar,38,GP,02_AG,Y
72,FN599735,63HALD,,4,11,1998,NA,NA,NA,NA,NA,NA,F,Dakar,26,GP,02_AG,Y
159,AJ583751,65HALD,00SN_65HALD_7_7_00,7,7,2000,NA,NA,NA,NA,NA,NA,M,Dakar,35,GP,02_AG,N
27,AJ287009,65HPD,,3,8,1998,NA,NA,NA,NA,NA,NA,M,Dakar,33,GP,B,Y
332,HG424399,6696HALD,,5,10,2010,NA,NA,NA,NA,NA,NA,F,kebemer,41,GP,02_AG,N
22,AJ287002,66HALD,,18,11,1998,NA,NA,NA,NA,NA,NA,M,Dakar,26,GP,02_AG,Y
61,FN599720,66HPD,,31,7,1998,NA,NA,NA,NA,NA,NA,F,Dakar,45,GP,C,Y
426,JQ855854,670HPD,,2,6,2009,NA,NA,NA,NA,NA,NA,F,Dakar,28,GP,02_AG,N
424,JN673677,674HALD,,19,11,2008,NA,NA,NA,NA,NA,NA,F,Dakar,45,GP,02_AG,N
59,FN599718,67HPD,,1,4,1999,NA,NA,NA,NA,NA,NA,F,Dakar,15,GP,C,Y
398,JN673579,686HPD,,27,5,2009,NA,NA,NA,NA,NA,NA,M,Dakar,48,GP,B,N
58,FN599716,71HPD,,20,8,1998,NA,NA,NA,NA,NA,NA,M,Dakar,38,GP,02_AG,Y
572,KU685105,7219HALD,5523-ZOKE J0,9,8,2011,NA,NA,NA,NA,NA,NA,F,Senegal,34,NA,02_AG,N
571,KU685104,7295HALD,5522-VYFO J0,5,7,2011,NA,NA,NA,NA,NA,NA,NA,Senegal,18+,NA,02_AG,N
28,AJ287010,73HPD,,8,9,1998,NA,NA,NA,NA,NA,NA,M,Dakar,NA,GP,B,Y
333,HG424400,7437HALD,,NA,NA,2010,1,1,2010,31,12,2010,F,THIES,34,GP,02_AG,N
150,AJ583738,74HALD,99SN_74hald_13_1_99,13,1,1999,NA,NA,NA,NA,NA,NA,M,Dakar,17,GP,02_AG,Y
60,FN599719,75HALD,,2,12,1998,NA,NA,NA,NA,NA,NA,M,Dakar,36,GP,02_AG,Y
56,FN599714,78HALD,,17,12,1998,NA,NA,NA,NA,NA,NA,M,Dakar,49,GP,02_AG,Y
425,JN673678,803HALD,,9,2,2009,NA,NA,NA,NA,NA,NA,F,Dakar,40,GP,02_AG,N
55,FN599713,82HPD,,19,5,1999,NA,NA,NA,NA,NA,NA,F,Dakar,35,GP,02_AG,Y
575,KU685109,8395HALD,5529-SONU J0,20,2,2012,NA,NA,NA,NA,NA,NA,F,Senegal,34,NA,02_AG,N
342,HG424417,8586HALD,,NA,NA,2010,1,1,2010,31,12,2010,F,MBOUR,51,GP,02_AG,N
336,HG424410,8623HALD,,NA,NA,2010,1,1,2010,31,12,2010,F,Diourbel,42,GP,02_AG,N
54,FN599712,86HPD,,12,1,1999,NA,NA,NA,NA,NA,NA,M,Dakar,40,GP,C,Y
81,FN599747,872HALD,,24,4,2003,NA,NA,NA,NA,NA,NA,F,Dakar,38,GP,02_AG,Y
82,FN599748,874HALD,,28,4,2003,NA,NA,NA,NA,NA,NA,F,Dakar,30,GP,B,Y
83,FN599749,877HALD,,29,4,2003,NA,NA,NA,NA,NA,NA,F,Dakar,26,GP,02_AG,Y
53,FN599711,87HALD,,7,1,1999,NA,NA,NA,NA,NA,NA,M,Dakar,55,GP,02_AG,Y
576,KU685110,880HALD,5530-GUHO J0,2,4,2012,NA,NA,NA,NA,NA,NA,NA,Senegal,18+,NA,02_AG,N
84,FN599750,881HALD,,6,5,2003,NA,NA,NA,NA,NA,NA,F,Dakar,21,GP,02_AG,Y
85,FN599751,882HALD,,6,5,2003,NA,NA,NA,NA,NA,NA,F,Dakar,36,GP,02_AG,Y
86,FN599753,897HALD,,26,5,2003,NA,NA,NA,NA,NA,NA,F,Dakar,33,GP,02_AG,Y
52,FN599710,89HPD,,16,10,1998,NA,NA,NA,NA,NA,NA,M,Dakar,NA,GP,02_AG,Y
51,FN599709,90HALD,,21,1,1999,NA,NA,NA,NA,NA,NA,M,Dakar,44,GP,02_AG,Y
87,FN599754,912HALD,,15,6,2003,NA,NA,NA,NA,NA,NA,F,Dakar,27,GP,02_AG,Y
88,FN599755,920HALD,,13,6,2003,NA,NA,NA,NA,NA,NA,F,Dakar,47,GP,02_AG,Y
89,FN599756,922HALD,,16,6,2003,NA,NA,NA,NA,NA,NA,F,Dakar,NA,GP,02_AG,Y
90,FN599758,925HALD,,16,6,2003,NA,NA,NA,NA,NA,NA,F,Dakar,35,GP,02_AG,Y
91,FN599759,926HALD,,16,6,2003,NA,NA,NA,NA,NA,NA,F,Dakar,48,GP,02_AG,Y
92,FN599761,928HALD,,16,6,2003,NA,NA,NA,NA,NA,NA,F,Dakar,27,GP,02_AG,Y
579,LM654296,929HALD,,22,8,2013,NA,NA,NA,NA,NA,NA,M,Dakar,67,GP,02_AG,N
93,FN599762,931HALD,,17,6,2003,NA,NA,NA,NA,NA,NA,F,Dakar,44,GP,02_AG,Y
94,FN599764,936HALD,,18,6,2003,NA,NA,NA,NA,NA,NA,F,Dakar,25,GP,B,Y
95,FN599765,939HALD,,19,6,2003,NA,NA,NA,NA,NA,NA,F,Dakar,39,GP,02_AG,Y
96,FN599766,940HALD,,20,6,2003,NA,NA,NA,NA,NA,NA,F,Dakar,32,GP,02_AG,Y
97,FN599767,947HALD,,24,6,2003,NA,NA,NA,NA,NA,NA,M,Dakar,37,GP,02_AG,Y
98,FN599768,951HALD,,25,6,2003,NA,NA,NA,NA,NA,NA,F,Dakar,34,GP,02_AG,Y
99,FN599769,957HALD,,30,6,2003,NA,NA,NA,NA,NA,NA,F,Dakar,32,GP,02_AG,Y
100,FN599771,961HALD,,3,7,2003,NA,NA,NA,NA,NA,NA,M,Dakar,35,GP,02_AG,Y
101,FN599772,962HALD,,3,7,2003,NA,NA,NA,NA,NA,NA,F,Dakar,50,GP,02_AG,Y
102,FN599773,965HALD,,7,7,2003,NA,NA,NA,NA,NA,NA,F,Dakar,41,GP,C,Y
103,FN599774,975HALD,,22,7,2003,NA,NA,NA,NA,NA,NA,F,Dakar,41,GP,02_AG,Y
104,FN599775,979HALD,,25,7,2003,NA,NA,NA,NA,NA,NA,F,Dakar,32,GP,02_AG,Y
146,AJ583730,97HALD,99SN_97HALD_18_2_99,18,2,1999,NA,NA,NA,NA,NA,NA,M,Dakar,40,GP,02_AG,Y
105,FN599776,980HALD,,28,7,2003,NA,NA,NA,NA,NA,NA,F,Dakar,NA,GP,C,Y
106,FN599777,981HALD,,29,7,2003,NA,NA,NA,NA,NA,NA,M,Dakar,53,GP,02_AG,Y
562,KU685084,982HALD, 5041-MEQA J0,18,5,2011,NA,NA,NA,NA,NA,NA,M,Senegal,18+,NA,C,N
107,FN599778,995HALD,,28,1,2005,NA,NA,NA,NA,NA,NA,F,Dakar,23,GP,02_AG,Y
306,HG315050,DJM04,,1,6,2008,NA,NA,NA,NA,NA,NA,F,DIOUM,34,GP,02_AG,N
299,HG315041,DJM07,,1,6,2008,NA,NA,NA,NA,NA,NA,F,DIOUM,29,GP,02_AG,N
305,HG315048,DL08,,26,6,2008,NA,NA,NA,NA,NA,NA,M,Diourbel,45,GP,02_AG,N
293,HG315035,G2832,,7,10,2008,NA,NA,NA,NA,NA,NA,F,Dakar,34,GP,02_AG,N
296,HG315038,G2834,,7,10,2008,NA,NA,NA,NA,NA,NA,F,Dakar,31,GP,02_AG,N
328,HG315100,KLD13,KLD13-230508,23,5,2008,NA,NA,NA,NA,NA,NA,M,Senegal,18+,GP,02_AG,N
70,FN599732,L009,,9,11,1999,NA,NA,NA,NA,NA,NA,F,Dakar,32,GP,02_AG,Y
69,FN599731,L049,,12,1,2000,NA,NA,NA,NA,NA,NA,M,Dakar,55,GP,02_AG,Y
220,HE588149,L065,,17,2,2003,NA,NA,NA,NA,NA,NA,F,Senegal,18+,GP,C,NA
68,FN599729,L117,,24,7,2000,NA,NA,NA,NA,NA,NA,M,Dakar,40,GP,02_AG,Y
67,FN599728,L140,,28,8,2000,NA,NA,NA,NA,NA,NA,M,Dakar,37,GP,02_AG,Y
66,FN599727,L152,,5,10,2000,NA,NA,NA,NA,NA,NA,M,Dakar,35,GP,02_AG,Y
65,FN599726,L153,,5,10,2000,NA,NA,NA,NA,NA,NA,F,Dakar,38,GP,02_AG,Y
218,FM210752,MA883,,18,5,2004,NA,NA,NA,NA,NA,NA,M,Dakar,18,MSM,C,NA
128,AJ251056,MP1211,,NA,NA,1998,1,1,1998,31,12,1998,NA,Dakar,18+,NA,02_AG,NA
162,FM210684,MS002,,3,9,2004,NA,NA,NA,NA,NA,NA,M,Dakar,20,MSM,C,NA
163,FM210685,MS007,,20,9,2004,NA,NA,NA,NA,NA,NA,M,Dakar,36,MSM,C,NA
164,FM210686,MS010,,11,9,2004,NA,NA,NA,NA,NA,NA,M,Dakar,34,MSM,C,NA
165,FM210687,MS011,,11,9,2004,NA,NA,NA,NA,NA,NA,M,Dakar,21,MSM,C,NA
166,FM210688,MS013,,NA,NA,2004,1,1,2004,31,12,2004,M,Senegal,18+,MSM,02_AG,NA
167,FM210689,MS015,,NA,NA,2004,1,1,2004,31,12,2004,M,Senegal,18+,MSM,C,NA
168,FM210690,MS019,,NA,NA,2004,1,1,2004,31,12,2004,M,Senegal,18+,MSM,B,NA
169,FM210691,MS029,,NA,NA,2004,1,1,2004,31,12,2004,M,Senegal,18+,MSM,C,NA
219,FM210753,MS034,,NA,NA,2004,1,1,2004,31,12,2004,M,Senegal,18+,MSM,C,NA
170,FM210692,MS036,,NA,NA,2004,1,1,2004,31,12,2004,M,Senegal,18+,MSM,02_AG,NA
238,HF947599,MS1001,,NA,NA,2007,1,1,2007,31,12,2007,M,Dakar,20,MSM,02_AG,Y
243,HF947604,MS1005,,NA,NA,2007,1,1,2007,31,12,2007,M,dakar,26,MSM,B,Y
248,HF947609,MS1019,,NA,NA,2007,1,1,2007,31,12,2007,M,Dakar,27,MSM,02_AG,N
239,HF947600,MS1021,,NA,NA,2007,1,1,2007,31,12,2007,M,Dakar,26,MSM,C,Y
171,FM210693,MS103,,12,5,2004,NA,NA,NA,NA,NA,NA,M,Dakar,30,MSM,B,NA
265,HF947628,MS1037,,NA,NA,2007,1,1,2007,31,12,2007,M,dakar,26,MSM,C,Y
244,HF947605,MS1043,,NA,NA,2007,1,1,2007,31,12,2007,M,dakar,22,MSM,C,Y
284,HF947650,MS1044,,NA,NA,2007,1,1,2007,31,12,2007,M,Dakar,23,MSM,C,Y
240,HF947601,MS1047,,NA,NA,2007,1,1,2007,31,12,2007,M,dakar,44,MSM,C,Y
245,HF947606,MS1067,,NA,NA,2007,1,1,2007,31,12,2007,M,Dakar,33,MSM,C,Y
584,HF947610,MS1068,,NA,NA,2007,1,1,2007,31,12,2007,M,Dakar,27,MSM,02_AG,NA
277,HF947642,MS1075,,NA,NA,2007,1,1,2007,31,12,2007,M,Dakar,33,MSM,C,N
266,HF947629,MS1078,,NA,NA,2007,1,1,2007,31,12,2007,M,dakar,23,MSM,B,Y
241,HF947602,MS1083,,NA,NA,2007,1,1,2007,31,12,2007,M,dakar,26,MSM,02_AG,Y
246,HF947607,MS1088,,NA,NA,2007,1,1,2007,31,12,2007,M,dakar,24,MSM,C,Y
256,HF947618,MS1092,,NA,NA,2007,1,1,2007,31,12,2007,M,dakar,29,MSM,C,Y
249,HF947611,MS1106,,NA,NA,2007,1,1,2007,31,12,2007,M,dakar,26,MSM,B,Y
251,HF947613,MS1115,,NA,NA,2007,1,1,2007,31,12,2007,M,dakar,25,MSM,B,Y
257,HF947619,MS1117,,NA,NA,2007,1,1,2007,31,12,2007,M,Dakar,18,MSM,02_AG,Y
261,HF947623,MS1118,,NA,NA,2007,1,1,2007,31,12,2007,M,dakar,36,MSM,02_AG,Y
242,HF947603,MS1120,,NA,NA,2007,1,1,2007,31,12,2007,M,dakar,18,MSM,02_AG,Y
252,HF947614,MS1122,,NA,NA,2007,1,1,2007,31,12,2007,M,dakar,27,MSM,02_AG,Y
288,HF947654,MS1124,,NA,NA,2007,1,1,2007,31,12,2007,M,Dakar,36,MSM,C,Y
247,HF947608,MS1151,,NA,NA,2007,1,1,2007,31,12,2007,M,dakar,23,MSM,02_AG,Y
258,HF947620,MS1152,,NA,NA,2007,1,1,2007,31,12,2007,M,Dakar,20,MSM,02_AG,Y
250,HF947612,MS1157,,NA,NA,2007,1,1,2007,31,12,2007,M,dakar,37,MSM,02_AG,Y
267,HF947630,MS1162,,NA,NA,2007,1,1,2007,31,12,2007,M,Dakar,23,MSM,B,Y
262,HF947624,MS1165,,NA,NA,2007,1,1,2007,31,12,2007,M,dakar,25,MSM,02_AG,Y
253,HF947615,MS1169,,NA,NA,2007,1,1,2007,31,12,2007,M,dakar,23,MSM,C,Y
286,HF947652,MS1177,,NA,NA,2007,1,1,2007,31,12,2007,M,Dakar,25,MSM,C,Y
259,HF947621,MS1178,,NA,NA,2007,1,1,2007,31,12,2007,M,dakar,25,MSM,C,Y
254,HF947616,MS1184,,NA,NA,2007,1,1,2007,31,12,2007,M,dakar,30,MSM,C,Y
260,HF947622,MS1186,,NA,NA,2007,1,1,2007,31,12,2007,M,Dakar,27,MSM,C,Y
263,HF947626,MS1189,,NA,NA,2007,1,1,2007,31,12,2007,M,dakar,40,MSM,C,Y
287,HF947653,MS1193,,NA,NA,2007,1,1,2007,31,12,2007,M,Dakar,25,MSM,C,Y
255,HF947617,MS1196,,NA,NA,2007,1,1,2007,31,12,2007,M,dakar,27,MSM,C,Y
272,HF947637,MS1200,,NA,NA,2007,1,1,2007,31,12,2007,M,Dakar,30,MSM,C,N
285,HF947651,MS1208,,NA,NA,2007,1,1,2007,31,12,2007,M,Dakar,23,MSM,C,Y
264,HF947627,MS1215,,NA,NA,2007,1,1,2007,31,12,2007,M,dakar,30,MSM,02_AG,Y
276,HF947641,MS1225,,NA,NA,2007,1,1,2007,31,12,2007,M,Dakar,32,MSM,C,Y
290,HF947657,MS1226,,NA,NA,2007,1,1,2007,31,12,2007,M,Dakar,33,MSM,B,Y
273,HF947638,MS1229,,NA,NA,2007,1,1,2007,31,12,2007,M,Dakar,20,MSM,02_AG,Y
278,HF947643,MS1237,,NA,NA,2007,1,1,2007,31,12,2007,M,Dakar,22,MSM,02_AG,Y
268,HF947631,MS1248,,NA,NA,2007,1,1,2007,31,12,2007,M,Dakar,34,MSM,02_AG,Y
274,HF947639,MS1259,,NA,NA,2007,1,1,2007,31,12,2007,M,Dakar,28,MSM,C,Y
269,HF947632,MS1289,,NA,NA,2007,1,1,2007,31,12,2007,M,dakar,19,MSM,02_AG,Y
275,HF947640,MS1292,,NA,NA,2007,1,1,2007,31,12,2007,M,Dakar,27,MSM,02_AG,Y
279,HF947644,MS1296,,NA,NA,2007,1,1,2007,31,12,2007,M,Dakar,56,MSM,02_AG,Y
282,HF947648,MS1302,,NA,NA,2007,1,1,2007,31,12,2007,M,Dakar,45,MSM,B,Y
172,FM210694,MS178,,28,9,2004,NA,NA,NA,NA,NA,NA,M,Dakar,23,MSM,02_AG,NA
291,HF947658,MS2016,,NA,NA,2007,1,1,2007,31,12,2007,M,THIES,25,MSM,B,Y
270,HF947633,MS2054,,NA,NA,2007,1,1,2007,31,12,2007,M,THIES,30,MSM,02_AG,N
173,FM210695,MS206,,26,6,2004,NA,NA,NA,NA,NA,NA,M,ST Louis,25,MSM,02_AG,NA
174,FM210699,MS245,,NA,NA,2004,1,1,2004,31,12,2004,M,Senegal,18+,MSM,C,NA
175,FM210700,MS253,,12,6,2004,NA,NA,NA,NA,NA,NA,M,ST Louis,26,MSM,02_AG,NA
176,FM210702,MS262,,12,6,2004,NA,NA,NA,NA,NA,NA,M,ST Louis,32,MSM,C,NA
177,FM210703,MS268,,14,7,2004,NA,NA,NA,NA,NA,NA,M,Dakar,24,MSM,02_AG,NA
179,FM210707,MS291,,26,6,2004,NA,NA,NA,NA,NA,NA,M,ST Louis,21,MSM,02_AG,NA
271,HF947635,MS3022,,NA,NA,2007,1,1,2007,31,12,2007,M,MBOUR,32,MSM,02_AG,Y
280,HF947645,MS4026,,NA,NA,2007,1,1,2007,31,12,2007,M,Saint Louis,33,MSM,02_AG,Y
281,HF947647,MS4040,,NA,NA,2007,1,1,2007,31,12,2007,M,Saint Louis,27,MSM,02_AG,Y
283,HF947649,MS4077,,NA,NA,2007,1,1,2007,31,12,2007,M,Saint Louis,24,MSM,02_AG,Y
180,FM210709,MS422,,28,4,2004,NA,NA,NA,NA,NA,NA,M,Dakar,36,MSM,C,NA
181,FM210710,MS440,,19,4,2004,NA,NA,NA,NA,NA,NA,M,Dakar,27,MSM,C,NA
182,FM210712,MS448,,21,4,2004,NA,NA,NA,NA,NA,NA,M,Dakar,28,MSM,C,NA
183,FM210713,MS456,,17,4,2004,NA,NA,NA,NA,NA,NA,M,Dakar,30,MSM,C,NA
184,FM210715,MS463,,20,5,2004,NA,NA,NA,NA,NA,NA,M,Dakar,18,MSM,02_AG,NA
185,FM210716,MS475,,18,4,2004,NA,NA,NA,NA,NA,NA,M,Dakar,20,MSM,C,NA
186,FM210717,MS477,,28,6,2004,NA,NA,NA,NA,NA,NA,M,Dakar,26,MSM,C,NA
187,FM210718,MS481,,15,4,2004,NA,NA,NA,NA,NA,NA,M,Dakar,42,MSM,C,NA
188,FM210719,MS482,,24,4,2004,NA,NA,NA,NA,NA,NA,M,Dakar,24,MSM,B,NA
189,FM210720,MS483,,29,7,2004,NA,NA,NA,NA,NA,NA,M,Dakar,24,MSM,B,NA
190,FM210722,MS487,,24,4,2004,NA,NA,NA,NA,NA,NA,M,Dakar,23,MSM,C,NA
191,FM210723,MS492,,11,5,2004,NA,NA,NA,NA,NA,NA,M,Dakar,28,MSM,C,NA
192,FM210724,MS516,,12,5,2004,NA,NA,NA,NA,NA,NA,M,Dakar,23,MSM,02_AG,NA
193,FM210725,MS522,,28,9,2004,NA,NA,NA,NA,NA,NA,M,Dakar,29,MSM,C,NA
194,FM210726,MS540,,30,6,2004,NA,NA,NA,NA,NA,NA,M,Dakar,26,MSM,C,NA
195,FM210727,MS605,,1,5,2004,NA,NA,NA,NA,NA,NA,M,Thies,26,MSM,B,NA
196,FM210728,MS614,,1,5,2004,NA,NA,NA,NA,NA,NA,M,Thies,21,MSM,B,NA
197,FM210729,MS618,,1,5,2004,NA,NA,NA,NA,NA,NA,M,Thies,25,MSM,02_AG,NA
198,FM210730,MS619,,1,5,2004,NA,NA,NA,NA,NA,NA,M,Thies,22,MSM,B,NA
199,FM210731,MS636,,1,5,2004,NA,NA,NA,NA,NA,NA,M,Thies,18,MSM,02_AG,NA
200,FM210732,MS641,,23,7,2004,NA,NA,NA,NA,NA,NA,M,Thies,30,MSM,02_AG,NA
201,FM210734,MS651,,2,5,2004,NA,NA,NA,NA,NA,NA,M,Thies,33,MSM,B,NA
202,FM210735,MS668,,2,5,2004,NA,NA,NA,NA,NA,NA,M,Thies,23,MSM,02_AG,NA
203,FM210736,MS700,,5,5,2004,NA,NA,NA,NA,NA,NA,M,Dakar,27,MSM,C,NA
204,FM210737,MS779,,17,8,2004,NA,NA,NA,NA,NA,NA,M,Dakar,28,MSM,C,NA
205,FM210738,MS802,,11,4,2004,NA,NA,NA,NA,NA,NA,M,Dakar,25,MSM,B,NA
206,FM210739,MS812,,11,4,2004,NA,NA,NA,NA,NA,NA,M,Dakar,23,MSM,B,NA
207,FM210740,MS816,,10,4,2004,NA,NA,NA,NA,NA,NA,M,Dakar,22,MSM,C,NA
208,FM210741,MS828,,10,4,2004,NA,NA,NA,NA,NA,NA,M,Dakar,20,MSM,C,NA
209,FM210743,MS830,,12,4,2004,NA,NA,NA,NA,NA,NA,M,Thies,31,MSM,B,NA
210,FM210744,MS831,,10,4,2004,NA,NA,NA,NA,NA,NA,M,Dakar,23,MSM,02_AG,NA
211,FM210745,MS835,,12,4,2004,NA,NA,NA,NA,NA,NA,M,Dakar,32,MSM,C,NA
212,FM210746,MS838,,12,4,2004,NA,NA,NA,NA,NA,NA,M,Dakar,19,MSM,B,NA
213,FM210747,MS840,,10,4,2004,NA,NA,NA,NA,NA,NA,M,Dakar,23,MSM,02_AG,NA
214,FM210748,MS842,,12,4,2004,NA,NA,NA,NA,NA,NA,M,Dakar,30,MSM,02_AG,NA
215,FM210749,MS855,,17,4,2004,NA,NA,NA,NA,NA,NA,M,Dakar,23,MSM,C,NA
216,FM210750,MS868,,14,4,2004,NA,NA,NA,NA,NA,NA,M,Dakar,29,MSM,B,NA
217,FM210751,MS869,,18,5,2004,NA,NA,NA,NA,NA,NA,M,Dakar,25,MSM,02_AG,NA
346,HM002502,NA,,NA,NA,2008,1,1,2008,31,12,2008,NA,Dakar,Child,Children,02_AG,N
347,HM002505,NA,,NA,NA,2008,1,1,2008,31,12,2008,NA,Dakar,Child,Children,02_AG,N
348,HM002506,NA,,NA,NA,2008,1,1,2008,31,12,2008,NA,Dakar,Child,Children,02_AG,N
350,HM002508,NA,,NA,NA,2007,1,1,2007,31,12,2007,NA,Dakar,Child,Children,02_AG,N
351,HM002512,NA,,NA,NA,2009,1,1,2009,31,12,2009,NA,Dakar,Child,Children,02_AG,N
352,HM002513,NA,,NA,NA,2008,1,1,2008,31,12,2008,NA,Dakar,Child,Children,02_AG,N
353,HM002514,NA,,NA,NA,2008,1,1,2008,31,12,2008,NA,Dakar,Child,Children,02_AG,N
355,HM002516,NA,,NA,NA,2008,1,1,2008,31,12,2008,NA,Dakar,Child,Children,02_AG,N
357,HM002518,NA,,NA,NA,2008,1,1,2008,31,12,2008,NA,Dakar,Child,Children,02_AG,N
358,HM002519,NA,,NA,NA,2007,1,1,2007,31,12,2007,NA,Dakar,Child,Children,02_AG,N
359,HM002520,NA,,NA,NA,2008,1,1,2008,31,12,2008,NA,Dakar,Child,Children,02_AG,N
360,HM002521,NA,,NA,NA,2008,1,1,2008,31,12,2008,NA,Dakar,Child,Children,02_AG,N
361,HM002523,NA,,NA,NA,2009,1,1,2009,31,12,2009,NA,Dakar,Child,Children,02_AG,N
362,HM002524,NA,,NA,NA,2008,1,1,2008,31,12,2008,NA,Dakar,Child,Children,02_AG,N
363,HM002528,NA,,NA,NA,2009,1,1,2009,31,12,2009,NA,Dakar,Child,Children,02_AG,N
364,HM002529,NA,,NA,NA,2009,1,1,2009,31,12,2009,NA,Dakar,Child,Children,02_AG,N
365,HM002530,NA,,NA,NA,2008,1,1,2008,31,12,2008,NA,Dakar,Child,Children,02_AG,N
366,HM002531,NA,,NA,NA,2008,1,1,2008,31,12,2008,NA,Dakar,Child,Children,02_AG,N
367,HM002532,NA,,NA,NA,2008,1,1,2008,31,12,2008,NA,Dakar,Child,Children,02_AG,N
368,HM002533,NA,,NA,NA,2008,1,1,2008,31,12,2008,NA,Dakar,Child,Children,02_AG,N
369,HM002535,NA,,NA,NA,2009,1,1,2009,31,12,2009,NA,Dakar,Child,Children,02_AG,N
370,HM002538,NA,,NA,NA,2009,1,1,2009,31,12,2009,NA,Dakar,Child,Children,02_AG,N
371,HM002539,NA,,NA,NA,2007,1,1,2007,31,12,2007,NA,Dakar,Child,Children,02_AG,N
372,JN193484,NA,,NA,NA,2009,1,1,2009,31,12,2009,NA,Dakar,Child,Children,02_AG,N
373,JN193485,NA,,NA,NA,2009,1,1,2009,31,12,2009,NA,Dakar,Child,Children,02_AG,N
374,JN193486,NA,,NA,NA,2010,1,1,2010,31,12,2010,NA,Dakar,Child,Children,02_AG,N
375,JN193487,NA,,NA,NA,2009,1,1,2009,31,12,2009,NA,Dakar,Child,Children,02_AG,N
376,JN193488,NA,,NA,NA,2010,1,1,2010,31,12,2010,NA,Dakar,Child,Children,02_AG,N
377,JN193489,NA,,NA,NA,2009,1,1,2009,31,12,2009,NA,Dakar,Child,Children,02_AG,N
378,JN193490,NA,,NA,NA,2010,1,1,2010,31,12,2010,NA,Dakar,Child,Children,02_AG,N
379,JN193491,NA,,NA,NA,2010,1,1,2010,31,12,2010,NA,Dakar,Child,Children,02_AG,N
380,JN193492,NA,,NA,NA,2008,1,1,2008,31,12,2008,NA,Dakar,Child,Children,02_AG,N
381,JN193496,NA,,NA,NA,2010,1,1,2010,31,12,2010,NA,Dakar,Child,Children,02_AG,N
382,JN193497,NA,,NA,NA,2009,1,1,2009,31,12,2009,NA,Dakar,Child,Children,02_AG,N
383,JN193498,NA,,NA,NA,2009,1,1,2009,31,12,2009,NA,Dakar,Child,Children,02_AG,N
384,JN193499,NA,,NA,NA,2009,1,1,2009,31,12,2009,NA,Dakar,Child,Children,02_AG,N
385,JN193500,NA,,NA,NA,2009,1,1,2009,31,12,2009,NA,Dakar,Child,Children,02_AG,N
386,JN193501,NA,,NA,NA,2010,1,1,2010,31,12,2010,NA,Dakar,Child,Children,02_AG,N
387,HM002501,NA,,NA,NA,2008,1,1,2008,31,12,2008,NA,Senegal,Child,Children,02_AG,N
388,HM002503,NA,,NA,NA,2008,1,1,2008,31,12,2008,NA,Senegal,Child,Children,02_AG,N
389,HM002504,NA,,NA,NA,2009,1,1,2009,31,12,2009,NA,Senegal,Child,Children,02_AG,N
390,HM002509,NA,,NA,NA,2008,1,1,2008,31,12,2008,NA,Senegal,Child,Children,02_AG,N
391,HM002511,NA,,NA,NA,2008,1,1,2008,31,12,2008,NA,Senegal,Child,Children,02_AG,N
392,HM002522,NA,,NA,NA,2007,1,1,2007,31,12,2007,NA,Senegal,Child,Children,02_AG,N
393,HM002525,NA,,NA,NA,2008,1,1,2008,31,12,2008,NA,Senegal,Child,Children,02_AG,N
394,HM002527,NA,,NA,NA,2008,1,1,2008,31,12,2008,NA,Senegal,Child,Children,02_AG,N
395,HM002542,NA,,NA,NA,2009,1,1,2009,31,12,2009,NA,Senegal,Child,Children,02_AG,N
544,KT223759,NA,,NA,NA,2013,1,1,2013,31,12,2013,NA,Senegal,NA,NA,02_AG,NA
545,KT223760,NA,,NA,NA,2013,1,1,2013,31,12,2013,NA,Senegal,NA,NA,02_AG,NA
161,AY713416,SE364,,NA,NA,1990,1,1,1990,31,12,1990,NA,Senegal,18+,GP,C,NA
323,HG315093,SJD 71,,NA,NA,2008,1,1,2008,31,12,2008,F,Thies,34,GP,02_AG,N
322,HG315092,SJD 72,,NA,NA,2008,1,1,2008,31,12,2008,M,Thies,18+,GP,02_AG,N
304,HG315046,SJD09,,4,6,2008,NA,NA,NA,NA,NA,NA,F,THIES,50,GP,02_AG,N
307,HG315051,SJD75,,9,9,2008,NA,NA,NA,NA,NA,NA,M,THIES,65,GP,02_AG,N
308,HG315052,SL09,,22,5,2008,NA,NA,NA,NA,NA,NA,F,Saint Louis,37,GP,02_AG,N
295,HG315037,SL176,,19,5,2008,NA,NA,NA,NA,NA,NA,F,Saint Louis,18+,GP,02_AG,N
313,HG315060,SL179,,7,3,2008,NA,NA,NA,NA,NA,NA,M,Saint Louis,18+,GP,B,N
533,KC350194,SN1011,,11,12,2009,NA,NA,NA,NA,NA,NA,F,Dakar,34,GP,C,N
520,KC349986,SN1033,,4,2,2010,NA,NA,NA,NA,NA,NA,F,Dakar,32,GP,02_AG,N
534,KC350203,SN1036,,27,2,2010,NA,NA,NA,NA,NA,NA,F,Dakar,38,GP,02_AG,N
542,KC350369,SN1081,,25,3,2010,NA,NA,NA,NA,NA,NA,M,Dakar,43,GP,02_AG,N
537,KC350296,SN1098,,16,4,2010,NA,NA,NA,NA,NA,NA,F,Dakar,49,GP,02_AG,N
531,KC350174,SN1227,,20,8,2010,NA,NA,NA,NA,NA,NA,F,Dakar,49,GP,C,N
530,KC350173,SN1242,,24,8,2010,NA,NA,NA,NA,NA,NA,M,Dakar,45,GP,C,N
522,KC349989,SN1258,,2,9,2010,NA,NA,NA,NA,NA,NA,F,Dakar,32,GP,02_AG,N
526,KC350051,SN1302,,9,10,2010,NA,NA,NA,NA,NA,NA,F,Dakar,45,GP,02_AG,N
524,KC349993,SN1375,,4,2,2011,NA,NA,NA,NA,NA,NA,M,Dakar,57,GP,02_AG,N
529,KC350172,SN1383,,1,2,2011,NA,NA,NA,NA,NA,NA,M,Dakar,48,GP,C,N
449,JN673585,SN1393HALD,,23,4,2009,NA,NA,NA,NA,NA,NA,F,Dakar,41,GP,C,NA
532,KC350175,SN1488,,22,4,2011,NA,NA,NA,NA,NA,NA,M,Dakar,35,GP,C,N
543,KC350416,SN2254,,28,8,2010,NA,NA,NA,NA,NA,NA,M,Dakar,48,GP,02_AG,N
535,KC350236,SN2263,,2,9,2010,NA,NA,NA,NA,NA,NA,F,Dakar,24,GP,02_AG,N
527,KC350076,SN2269,,2,9,2010,NA,NA,NA,NA,NA,NA,F,Dakar,36,GP,02_AG,N
442,JX187630,SN2353HALD,,2,9,2011,NA,NA,NA,NA,NA,NA,M,Dakar,20+,NA,02_AG,N
540,KC350367,SN2423,,18,3,2011,NA,NA,NA,NA,NA,NA,M,Dakar,33,GP,C,N
450,JN673586,SN2666HALD,,23,2,2009,NA,NA,NA,NA,NA,NA,F,Dakar,37,GP,C,NA
538,KC350365,SN3136,,21,5,2010,NA,NA,NA,NA,NA,NA,F,Dakar,33,GP,02_AG,N
525,KC350032,SN3138,,10,2,2011,NA,NA,NA,NA,NA,NA,F,Dakar,24,GP,02_AG,N
521,KC349988,SN3164,,10,6,2010,NA,NA,NA,NA,NA,NA,F,Dakar,31,GP,02_AG,N
539,KC350366,SN3214,,6,8,2010,NA,NA,NA,NA,NA,NA,F,Dakar,37,GP,02_AG,N
434,JX187618,SN3249HALD,,1,3,2011,NA,NA,NA,NA,NA,NA,M,Dakar,20+,NA,02_AG,N
528,KC350094,SN3351,,15,12,2010,NA,NA,NA,NA,NA,NA,F,Dakar,34,GP,02_AG,N
523,KC349990,SN3368,,21,1,2011,NA,NA,NA,NA,NA,NA,F,Dakar,33,GP,02_AG,N
436,JX187620,SN3373HALD,,NA,NA,2011,1,1,2011,31,12,2011,F,Dakar,6,NA,02_AG,N
462,JN673619,SN4038HALD,,25,3,2009,NA,NA,NA,NA,NA,NA,F,Dakar,36,GP,02_AG,NA
541,KC350368,SN4040,,30,4,2011,NA,NA,NA,NA,NA,NA,F,Dakar,34,GP,C,N
463,JN673620,SN4117HALD,,8,4,2009,NA,NA,NA,NA,NA,NA,F,Dakar,37,GP,02_AG,NA
437,JX187621,SN4208HALD,,23,2,2011,NA,NA,NA,NA,NA,NA,M,Dakar,13,NA,02_AG,N
464,JN673622,SN4257HALD,,23,4,2009,NA,NA,NA,NA,NA,NA,F,Dakar,34,GP,02_AG,NA
465,JN673623,SN4284HALD,,29,4,2009,NA,NA,NA,NA,NA,NA,M,Dakar,40,GP,02_AG,NA
519,JN673682,SN4304HALD,,6,5,2009,NA,NA,NA,NA,NA,NA,F,Dakar,41,GP,02_AG,NA
448,JN673582,SN4304HALD,,6,5,2009,NA,NA,NA,NA,NA,NA,F,Dakar,40,GP,C,NA
518,JN673681,SN4332HALD,,18,5,2009,NA,NA,NA,NA,NA,NA,F,Dakar,32,GP,02_AG,NA
447,JN673581,SN4332HALD,,18,5,2009,NA,NA,NA,NA,NA,NA,M,Dakar,30,GP,C,NA
466,JN673624,SN4368HALD,,28,5,2009,NA,NA,NA,NA,NA,NA,F,Dakar,31,GP,02_AG,NA
467,JN673625,SN4430HALD,,10,6,2009,NA,NA,NA,NA,NA,NA,F,Dakar,28,GP,02_AG,NA
468,JN673626,SN4466HALD,,18,6,2009,NA,NA,NA,NA,NA,NA,M,Dakar,23,GP,02_AG,NA
536,KC350276,SN4471,,14,4,2011,NA,NA,NA,NA,NA,NA,M,Dakar,56,GP,02_AG,N
469,JN673627,SN4478HALD,,23,6,2009,NA,NA,NA,NA,NA,NA,F,Dakar,37,GP,02_AG,NA
470,JN673629,SN4560HALD,,20,7,2009,NA,NA,NA,NA,NA,NA,F,Dakar,50,GP,02_AG,NA
471,JN673630,SN4589HALD,,24,7,2009,NA,NA,NA,NA,NA,NA,F,Dakar,50,GP,02_AG,NA
472,JN673631,SN4612HALD,,30,7,2009,NA,NA,NA,NA,NA,NA,F,Dakar,45,GP,02_AG,NA
473,JN673632,SN4613HALD,,30,7,2009,NA,NA,NA,NA,NA,NA,F,Dakar,30,GP,02_AG,NA
474,JN673633,SN4623HALD,,31,7,2009,NA,NA,NA,NA,NA,NA,F,Dakar,39,GP,02_AG,NA
446,JN673580,SN4642HALD,,6,8,2009,NA,NA,NA,NA,NA,NA,M,Dakar,45,GP,C,NA
475,JN673634,SN4649HALD,,11,8,2009,NA,NA,NA,NA,NA,NA,F,Dakar,44,GP,02_AG,NA
476,JN673635,SN4653HALD,,12,8,2009,NA,NA,NA,NA,NA,NA,F,Dakar,34,GP,02_AG,NA
477,JN673636,SN4690HALD,,24,8,2009,NA,NA,NA,NA,NA,NA,F,Dakar,41,GP,02_AG,NA
478,JN673638,SN4711HALD,,27,8,2009,NA,NA,NA,NA,NA,NA,F,Dakar,29,GP,02_AG,NA
479,JN673639,SN4768HALD,,14,9,2009,NA,NA,NA,NA,NA,NA,F,Dakar,39,GP,02_AG,NA
480,JN673640,SN4792HALD,,24,9,2009,NA,NA,NA,NA,NA,NA,F,Dakar,73,GP,02_AG,NA
481,JN673641,SN4802HALD,,28,9,2009,NA,NA,NA,NA,NA,NA,F,Dakar,35,GP,02_AG,NA
482,JN673642,SN4838HALD,,30,9,2009,NA,NA,NA,NA,NA,NA,F,Dakar,49,GP,02_AG,NA
483,JN673643,SN4864HALD,,1,10,2009,NA,NA,NA,NA,NA,NA,M,Dakar,44,GP,02_AG,NA
484,JN673644,SN4866HALD,,1,10,2009,NA,NA,NA,NA,NA,NA,F,Dakar,29,GP,02_AG,NA
485,JN673645,SN4867HALD,,1,10,2009,NA,NA,NA,NA,NA,NA,M,Dakar,37,GP,02_AG,NA
486,JN673646,SN4921HALD,,8,10,2009,NA,NA,NA,NA,NA,NA,F,Dakar,44,GP,02_AG,NA
451,JN673587,SN4958HALD,,19,10,2009,NA,NA,NA,NA,NA,NA,F,Dakar,49,GP,C,NA
487,JN673648,SN4959HALD,,19,10,2009,NA,NA,NA,NA,NA,NA,F,Dakar,27,GP,02_AG,NA
452,JN673588,SN4971HALD,,22,10,2009,NA,NA,NA,NA,NA,NA,M,Dakar,43,GP,C,NA
488,JN673649,SN4980HALD,,26,10,2009,NA,NA,NA,NA,NA,NA,M,Dakar,39,GP,02_AG,NA
489,JN673650,SN5034HALD,,2,11,2009,NA,NA,NA,NA,NA,NA,M,Dakar,34,GP,02_AG,NA
490,JN673651,SN5046HALD,,4,11,2009,NA,NA,NA,NA,NA,NA,M,Dakar,52,GP,02_AG,NA
491,JN673652,SN5071HALD,,10,11,2009,NA,NA,NA,NA,NA,NA,M,Dakar,46,GP,02_AG,NA
516,JN673679,SN5094HALD,,11,11,2009,NA,NA,NA,NA,NA,NA,M,Dakar,55,GP,02_AG,NA
453,JN673589,SN5133HALD,,17,11,2009,NA,NA,NA,NA,NA,NA,M,Dakar,52,GP,C,NA
492,JN673653,SN5143HALD,,19,11,2009,NA,NA,NA,NA,NA,NA,F,Dakar,41,GP,02_AG,NA
493,JN673654,SN5159HALD,,2,12,2009,NA,NA,NA,NA,NA,NA,F,Dakar,22,GP,02_AG,NA
494,JN673655,SN5180HALD,,9,12,2009,NA,NA,NA,NA,NA,NA,F,Dakar,52,GP,02_AG,NA
458,JN673599,SN5197HALD,,10,12,2009,NA,NA,NA,NA,NA,NA,F,Dakar,31,GP,02_AG,NA
495,JN673656,SN5198HALD,,10,12,2009,NA,NA,NA,NA,NA,NA,F,Dakar,40,GP,02_AG,NA
496,JN673657,SN5259HALD,,17,12,2009,NA,NA,NA,NA,NA,NA,F,Dakar,42,GP,02_AG,NA
497,JN673658,SN5276HALD,,4,1,2010,NA,NA,NA,NA,NA,NA,M,Dakar,39,GP,02_AG,NA
498,JN673659,SN5287HALD,,6,1,2010,NA,NA,NA,NA,NA,NA,F,Dakar,45,GP,02_AG,NA
499,JN673660,SN5316HALD,,12,1,2010,NA,NA,NA,NA,NA,NA,M,Dakar,54,GP,02_AG,NA
500,JN673661,SN5328HALD,,13,1,2010,NA,NA,NA,NA,NA,NA,F,Dakar,45,GP,02_AG,NA
454,JN673591,SN5365HALD,,25,1,2010,NA,NA,NA,NA,NA,NA,M,Dakar,38,GP,C,NA
501,JN673662,SN5373HALD,,26,1,2010,NA,NA,NA,NA,NA,NA,F,Dakar,50,GP,02_AG,NA
502,JN673663,SN5374HALD,,26,1,2010,NA,NA,NA,NA,NA,NA,F,Dakar,23,GP,02_AG,NA
455,JN673592,SN5409HALD,,8,2,2010,NA,NA,NA,NA,NA,NA,F,Dakar,36,GP,C,NA
503,JN673664,SN5453HALD,,11,2,2010,NA,NA,NA,NA,NA,NA,M,Dakar,53,GP,02_AG,NA
504,JN673665,SN5507HALD,,23,2,2010,NA,NA,NA,NA,NA,NA,M,Dakar,29,GP,02_AG,NA
459,JN673600,SN5534HALD,,2,3,2010,NA,NA,NA,NA,NA,NA,F,Dakar,33,GP,02_AG,NA
505,JN673666,SN5535HALD,,2,3,2010,NA,NA,NA,NA,NA,NA,M,Dakar,38,GP,02_AG,NA
443,JX227940,SN553HALD,,31,1,2011,NA,NA,NA,NA,NA,NA,M,Dakar,43,GP,02_AG,N
506,JN673667,SN5547HALD,,5,3,2010,NA,NA,NA,NA,NA,NA,M,Dakar,33,GP,02_AG,NA
507,JN673668,SN5572HALD,,10,3,2010,NA,NA,NA,NA,NA,NA,M,Dakar,21,GP,02_AG,NA
508,JN673669,SN5583HALD,,11,3,2010,NA,NA,NA,NA,NA,NA,F,Dakar,57,GP,02_AG,NA
444,JN673577,SN5598HALD,,16,3,2010,NA,NA,NA,NA,NA,NA,M,Dakar,54,GP,B,NA
509,JN673670,SN5599HALD,,16,3,2010,NA,NA,NA,NA,NA,NA,F,Dakar,40,GP,02_AG,NA
510,JN673671,SN5605HALD,,17,3,2010,NA,NA,NA,NA,NA,NA,M,Dakar,65,GP,02_AG,NA
460,JN673601,SN5616HALD,,22,3,2010,NA,NA,NA,NA,NA,NA,NA,Dakar,36,GP,02_AG,NA
456,JN673593,SN5667HALD,,24,3,2010,NA,NA,NA,NA,NA,NA,F,Dakar,26,GP,C,NA
511,JN673672,SN5786HALD,,16,4,2010,NA,NA,NA,NA,NA,NA,F,Dakar,58,GP,02_AG,NA
445,JN673578,SN5788HALD,,19,4,2010,NA,NA,NA,NA,NA,NA,F,Dakar,43,GP,B,NA
457,JN673594,SN5804HALD,,20,4,2010,NA,NA,NA,NA,NA,NA,M,Dakar,33,GP,C,NA
461,JN673602,SN5805HALD,,21,4,2010,NA,NA,NA,NA,NA,NA,F,Dakar,41,GP,02_AG,NA
512,JN673673,SN5836HALD,,27,4,2010,NA,NA,NA,NA,NA,NA,F,Dakar,47,GP,02_AG,NA
513,JN673674,SN5896HALD,,7,5,2010,NA,NA,NA,NA,NA,NA,M,Dakar,28,GP,02_AG,NA
514,JN673675,SN5900HALD,,10,5,2010,NA,NA,NA,NA,NA,NA,M,Dakar,37,GP,02_AG,NA
517,JN673680,SN5973HALD,,19,5,2010,NA,NA,NA,NA,NA,NA,M,Dakar,60,GP,02_AG,NA
438,JX187624,SN6004HALD,,14,6,2011,NA,NA,NA,NA,NA,NA,M,Dakar,43,NA,02_AG,N
515,JN673676,SN6084HALD,,11,6,2010,NA,NA,NA,NA,NA,NA,M,Dakar,43,GP,02_AG,NA
439,JX187625,SN6667HALD,,27,7,2011,NA,NA,NA,NA,NA,NA,M,Dakar,52,NA,02_AG,N
440,JX187626,SN685HALD,,NA,NA,2011,1,1,2011,31,12,2011,M,Dakar,48,NA,02_AG,N
441,JX187629,SN7111HALD,,14,6,2011,NA,NA,NA,NA,NA,NA,F,Dakar,34,GP,C,N
294,HG315036,TB14,,6,8,2008,NA,NA,NA,NA,NA,NA,F,TOUBA,25,GP,02_AG,N
349,HM002507,,,NA,NA,2007,1,1,2007,31,12,2007,NA,Dakar,Child,Children,C,N
354,HM002515,,,NA,NA,2008,1,1,2008,31,12,2008,NA,Dakar,Child,Children,C,N
356,HM002517,,,NA,NA,2008,1,1,2008,31,12,2008,NA,Dakar,Child,Children,C,N
396,HM002544,,,NA,NA,2009,1,1,2009,31,12,2009,NA,Senegal,Child,Children,C,N